"last_name, first_name","player_id","attempts","avg_hit_angle","anglesweetspotpercent","max_hit_speed","avg_hit_speed","ev50","fbld","gb","max_distance","avg_distance","avg_hr_distance","ev95plus","ev95percent","barrels","brl_percent","brl_pa"
"Arraez, Luis","650333","243","15",41.6,"101","87.4","94.3","89.1","86.3","376","168","345","53",21.8,"1",0.4,0.4
"Hoerner, Nico","663538","239","13.1",38.1,"105.8","85.9","95.9","89.1","84.7","400","162","383","67",28,"3",1.3,1
"Clement, Ernie","676391","226","15.6",32.3,"109.7","85.7","95.3","89.3","83.4","386","161","370","58",25.7,"6",2.7,2.3
"Albies, Ozzie","645277","221","17.3",34.4,"107.7","86.9","96.9","90.8","83.7","416","182","390","62",28.1,"10",4.5,3.6
"Lopez, Otto","672640","212","6.1",30.2,"112.8","90.3","101.3","93.3","88.1","415","149","400","93",43.9,"16",7.5,5.9
"Bichette, Bo","666182","212","7.8",32.5,"114.9","91.1","101.6","93","90","409","157","389","97",45.8,"15",7.1,5.4
"Lile, Daylen","695734","211","17.2",34.6,"109.5","87.8","98.4","90.8","84.8","429","179","403","78",37.1,"16",7.6,5.7
"Simpson, Chandler","802415","210","2.5",26.2,"106.3","84.1","93.1","85.4","84.6","346","110",,"32",15.3,"0",0,0
"Edwards, Xavier","669364","210","11",39.5,"105.7","87.1","97","91.8","82.9","422","157","396","67",31.9,"13",6.2,4.7
"Bregman, Alex","608324","209","14.6",32.1,"108.3","88.4","98.5","91.8","86.9","408","160","392","81",38.8,"11",5.3,3.8
"Ramírez, José","608070","209","20.2",36.8,"110.8","90.5","100.8","93.8","89","410","188","392","94",45.2,"15",7.2,5.2
"Witt Jr., Bobby","677951","207","16.7",39.1,"115.6","93.3","103.7","96","92.8","432","190","405","108",52.2,"28",13.5,9.7
"Guerrero Jr., Vladimir","665489","204","9",29.9,"116","90.5","102.5","91.6","92.1","437","143","412","91",44.6,"13",6.4,4.9
"Rodríguez, Julio","677594","203","12.9",30.5,"113.6","90.2","102.7","95.3","86.5","436","164","410","88",43.3,"19",9.4,6.6
"Naylor, Josh","647304","202","13.7",31.7,"111.5","87.8","99.1","91.6","87.2","433","149","397","77",38.1,"11",5.4,4.2
"Marte, Ketel","606466","202","9.9",33.7,"116.9","90.9","103","94.2","88.3","452","164","416","90",44.6,"23",11.4,8.7
"Contreras, William","661388","201","12.3",29.4,"111.9","90.1","100.6","93.8","88.5","434","157","411","84",41.8,"14",7,5.4
"Pages, Andy","681624","199","16.6",36.7,"109.7","90.1","101.1","94.2","87.2","418","181","388","94",47.2,"20",10.1,7.4
"McGonigle, Kevin","805808","198","20.9",38.4,"109.5","87.9","98.6","91.7","82.9","413","182","402","74",37.4,"17",8.6,6.3
"Burleson, Alec","676475","198","12.4",33.3,"111.6","91.3","101.6","95.9","87.9","432","165","405","94",47.5,"19",9.6,7.2
"Turner, Trea","607208","198","10.6",32.3,"109.7","89.3","99","90.9","88.6","434","161","394","79",39.9,"11",5.6,4
"Henderson, Gunnar","683002","197","12.1",31,"111.9","89","100.4","95.2","84.1","419","165","390","88",44.7,"18",9.1,6.1
"Garcia, Maikel","672580","195","8.9",33.3,"110.6","89.8","100.2","91.9","89.9","412","158","398","78",40,"8",4.1,3.2
"Bellinger, Cody","641355","194","19.5",40.7,"109.3","89.6","99","92.8","87.9","403","185","383","77",39.7,"16",8.2,6
"Lee, Jung Hoo","808982","194","11",38.1,"107.6","87.8","96.7","89.2","87.1","427","162","363","59",30.4,"5",2.6,2.2
"Vargas, Ildemaro","545121","194","11",30.9,"109","86.7","97.5","91","86.1","431","149","399","62",32,"8",4.1,3.5
"DeLauter, Chase","800050","193","14.1",36.8,"111.2","90","100.5","94.2","87.6","422","167","376","78",40.6,"12",6.2,4.8
"Díaz, Yandy","650490","193","6",28.5,"113.7","90.8","102.5","93.9","89.7","439","149","384","88",46.1,"17",8.8,6.7
"Freeman, Freddie","518692","192","11.4",35.4,"110.3","91.1","101.3","96.2","85.8","438","171","395","90",46.9,"22",11.5,8.2
"Abreu, Wilyer","677800","190","17.3",33.7,"113.1","89.8","100.7","93.3","86.3","427","189","392","82",43.2,"21",11.1,8
"Kwan, Steven","680757","190","15.2",37.4,"100.8","82.7","91.4","86.5","79.6","381","159","381","17",9,"1",0.5,0.4
"Perez, Salvador","521692","190","16.7",31.6,"111.2","88.6","99.9","93.1","84.3","425","176","395","76",40,"16",8.4,6.3
"Jung, Josh","673962","190","11.8",38.4,"110.1","89.3","99.8","92.4","86.5","424","165","388","83",43.7,"10",5.3,4
"Olson, Matt","621566","190","18.3",32.6,"111.6","93.7","104.8","98.1","89.5","441","191","409","101",53.2,"27",14.2,9.4
"Caminero, Junior","691406","190","8.5",24.7,"116.9","92.5","105.2","97.7","90.3","450","141","408","92",48.7,"23",12.1,8.5
"Langeliers, Shea","669127","189","20.5",37,"114.4","91.7","102.9","95.8","89.1","467","188","412","85",45,"29",15.3,11
"Adell, Jo","666176","189","18.9",32.8,"114.9","90.8","102.4","94.4","88.4","449","173","413","86",45.5,"16",8.5,6
"Perdomo, Geraldo","672695","189","12",33.9,"106.3","87.2","96.7","89.6","85.6","398","146","372","59",31.2,"6",3.2,2.4
"Pasquantino, Vinnie","686469","189","20.3",36.5,"108.1","88.7","98.9","93.6","85.4","422","185","395","69",36.5,"14",7.4,5.2
"Bohm, Alec","664761","188","11.3",35.1,"108.8","90.6","100","93.5","90.1","409","154","376","80",42.6,"7",3.7,2.9
"Alvarez, Yordan","670541","187","19.2",46.5,"117.8","94.8","105.9","97.3","90.8","449","219","400","101",54,"35",18.7,12.3
"Herrera, Iván","671056","187","5.7",31.6,"112.3","89.6","100.9","93.9","88","429","139","404","78",41.7,"13",7,4.6
"Dubón, Mauricio","643289","186","16.8",39.8,"106.3","87.1","96.8","90.4","84.2","413","180","393","54",29,"11",5.9,4.5
"Walker, Christian","572233","186","14.4",30.1,"112.5","90.6","101.9","93.4","89.1","432","167","391","85",45.7,"23",12.4,8.6
"Hicks, Liam","689414","186","14.5",26.3,"107.5","86.1","97.5","90.4","85.1","431","159","378","62",33.3,"9",4.8,3.8
"Alonso, Pete","624413","186","14.7",32.8,"114.6","95.1","103.5","97","93.2","421","178","395","105",56.5,"23",12.4,8.2
"Semien, Marcus","543760","184","18",34.8,"107.5","86.3","97.5","91","80.8","407","177","394","65",35.3,"16",8.7,6.3
"Adames, Willy","642715","183","22",38.3,"108.8","89.1","99.7","92.5","85.6","427","190","385","78",42.6,"17",9.3,6.2
"Nimmo, Brandon","607043","183","11.5",34.4,"109","91.8","101.8","95.8","87.3","436","184","411","93",50.8,"22",12,8.2
"Wetherholt, JJ","802139","182","16.1",36.3,"108.7","90.8","100","95.4","85.5","425","184","394","88",48.4,"14",7.7,5.3
"Stewart, Sal","701398","182","14.5",36.3,"111.4","90.7","100.9","94.4","87","441","179","393","74",40.7,"27",14.8,9.9
"Schmitt, Casey","669477","182","21.8",36.8,"112.3","89.8","100.7","93.4","86.5","424","194","393","81",44.5,"25",13.7,10.4
"Keaschall, Luke","807712","182","16.7",34.6,"107.2","84.1","96.2","89.8","80.2","394","170","367","50",27.5,"5",2.7,2
"Rumfield, TJ","681198","181","13.3",39.2,"107.6","85.3","97.9","91.6","78.8","440","173","412","64",35.4,"13",7.2,5.3
"Lee, Brooks","686797","181","12.1",34.3,"108","87.5","96.8","91.8","83.6","393","160","371","55",30.4,"10",5.5,4.1
"Abrams, CJ","682928","181","16.3",34.3,"110.8","90","100.5","94.2","87.1","426","170","391","76",42,"20",11,7.3
"Tatis Jr., Fernando","665487","181","2.6",32,"114","90.4","103.9","95","87.2","451","140","451","92",50.8,"18",9.9,6.8
"Chapman, Matt","656305","181","11.5",24.3,"113","87.9","99.8","93.3","86.7","432","141","389","64",35.4,"10",5.5,3.7
"Young, Cole","702284","181","16.9",37,"111.3","87.3","98.5","91","86","423","164","393","65",35.9,"10",5.5,3.9
"Rocchio, Brayan","677587","180","11.8",32.2,"109.6","86.8","97.5","89.7","87.1","402","146","382","59",33.1,"6",3.3,2.6
"Arozarena, Randy","668227","180","7.8",37.8,"113","91.4","100.4","94.4","89.2","437","154","389","76",42.2,"13",7.2,4.7
"Gonzales, Nick","693304","179","5.8",33,"109.7","85.8","98.7","91.7","81.9","407","139","389","71",39.7,"6",3.4,2.5
"Soderstrom, Tyler","691016","179","13.4",28.5,"113.2","89.9","101.6","94","87.6","420","159","396","79",44.1,"20",11.2,7.8
"Vargas, Miguel","678246","179","19.3",40.2,"112.9","90","101.2","95.5","82.4","428","196","392","84",46.9,"26",14.5,9.4
"Tucker, Kyle","663656","178","16.8",36.5,"107.6","89","98.7","91.3","86.4","435","179","403","70",39.3,"10",5.6,3.8
"Harris II, Michael","671739","178","11.9",28.7,"114.9","92.9","104.7","96.9","90.5","425","166","401","94",52.8,"26",14.6,11.1
"Meidroth, Chase","805367","178","7.1",32.6,"107.7","87.8","97.4","92","84.9","417","142","384","65",36.5,"10",5.6,3.8
"Paredes, Isaac","670623","177","24.3",36.2,"106","87.1","97.2","91.6","82.4","383","188","368","55",31.1,"12",6.8,4.8
"Harper, Bryce","547180","176","12.5",36.9,"113.5","89.9","101.7","94.7","85","457","173","408","77",43.8,"24",13.6,9.1
"Frelick, Sal","686217","175","7.9",27.4,"107.2","85.9","96.7","87.7","86.2","407","128","402","48",27.4,"4",2.3,1.8
"Bogaerts, Xander","593428","174","8.3",29.9,"110.4","87.9","99.2","92.4","84.7","424","147","395","63",36.2,"12",6.9,4.9
"Ward, Taylor","621493","174","13.6",36.2,"109.5","89.2","98.9","92.7","85.9","404","173","390","69",39.7,"8",4.6,2.7
"Crow-Armstrong, Pete","691718","173","20",32.9,"114.6","91.9","102.7","95.8","89.6","444","173","392","88",50.9,"21",12.1,7.7
"Devers, Rafael","646240","173","12.4",31.8,"112.4","91.9","102.7","96.1","88.7","441","171","400","86",49.7,"17",9.8,6.2
"Reynolds, Bryan","668804","172","5.6",33.7,"113.7","90.6","101.9","94.4","87.4","443","152","413","75",43.6,"15",8.7,5.4
"Carroll, Corbin","682998","170","11.7",31.2,"111.8","91.7","102.1","96.4","88.6","448","167","406","87",51.2,"21",12.4,8.1
"Bell, Josh","605137","170","14.7",34.1,"112.3","89.9","100","94.2","86","429","173","397","72",42.4,"16",9.4,6.4
"Busch, Michael","683737","169","15.4",31.4,"108.7","88.5","99.4","92.5","83.9","427","175","398","72",42.6,"19",11.2,6.7
"Walker, Jordan","691023","169","13.9",34.9,"115.6","94.3","105.5","95.3","95.2","459","177","406","88",52.1,"24",14.2,9.2
"McNeil, Jeff","643446","168","12.2",39.3,"105","86.6","96.5","90.1","84.9","395","150","380","53",31.5,"2",1.2,0.9
"Horwitz, Spencer","687462","168","16.2",28.6,"108","86.4","97.4","91.8","84.2","418","158","387","56",33.3,"12",7.1,5.2
"Steer, Spencer","668715","168","17.2",41.7,"107.2","89.8","99.7","94","86.2","420","185","393","67",39.9,"22",13.1,9
"Varsho, Daulton","662139","167","13.7",35.3,"110.4","86","98.5","91.1","83","405","159","387","64",38.3,"10",6,4.2
"Ohtani, Shohei","660271","167","12.5",41.9,"114.6","93.5","102.9","96.9","89.3","438","186","401","88",52.7,"26",15.6,9.3
"Giménez, Andrés","665926","167","10.5",26.3,"108.9","85.8","95.4","89.3","84.6","412","140","387","41",24.6,"6",3.6,2.7
"Machado, Manny","592518","167","10.8",29.9,"109.6","89.8","101.1","94.6","87.4","436","154","393","73",43.7,"14",8.4,5.5
"García Jr., Luis","671277","166","10.8",31.9,"111.2","92.2","102.3","95.7","90.8","427","151","387","79",47.6,"12",7.2,5.9
"Benge, Carson","701807","166","10.8",42.2,"109.8","90.1","100.7","93.7","87.2","436","170","403","74",44.6,"16",9.6,6.7
"Stott, Bryson","681082","166","16.3",31.9,"111.9","89.9","99.5","93.4","87.5","412","175","392","68",41,"13",7.8,6
"Grisham, Trent","663757","165","17",33.3,"111.6","90.3","100.3","94.2","88.4","424","183","391","72",43.6,"20",12.1,8.3
"Riley, Austin","663586","165","18.9",30.3,"111.9","91","101.8","95.2","87.1","438","174","409","74",44.8,"17",10.3,6.4
"Burger, Jake","669394","165","12.6",33.3,"113.6","90.6","102.9","94.1","89.1","438","160","393","80",48.5,"15",9.1,6
"Lowe, Brandon","664040","165","16.7",37.6,"111.1","90","101.5","96.3","83.8","444","189","393","75",45.5,"21",12.7,8
"Dingler, Dillon","693307","165","17",42.4,"110.8","90.6","101.7","95.6","83.8","443","191","397","83",50.3,"23",13.9,9.6
"Merrill, Jackson","701538","164","14.1",38.4,"109.7","89.8","100.7","95.6","83.7","436","173","410","76",46.3,"17",10.4,6.8
"Schanuel, Nolan","694384","163","10.6",35.6,"106.6","87.1","97.2","89.7","85.8","392","146","371","52",31.9,"5",3.1,2.4
"Buxton, Byron","621439","163","22.8",32.5,"110.4","90.2","101.4","95.5","83.7","438","202","398","76",46.6,"29",17.8,11.7
"Young, Jacob","696285","163","11.6",37.4,"110.1","89","98.9","89.8","89.1","403","172","391","59",36.2,"10",6.1,4.6
"Martínez, Angel","682657","162","14.6",34,"110.1","87.6","99.4","91.1","85","407","162","388","55",34.2,"12",7.4,5.5
"Johnston, Troy","687859","162","12.7",43.2,"107.9","88.9","98.3","91.7","85.6","423","172","415","59",36.4,"4",2.5,1.8
"Rafaela, Ceddanne","678882","162","10.1",36.4,"108.6","86.9","97.7","91.6","81.6","382","164","364","59",36.4,"11",6.8,4.8
"Duran, Jarren","680776","161","14.6",31.1,"114.7","90.5","102.2","95","90.2","424","158","391","66",41,"19",11.8,7.5
"Marsh, Brandon","669016","161","12.7",46,"110.1","90.3","100.5","93.5","88.2","454","176","393","75",46.6,"12",7.5,5.4
"Greene, Riley","682985","161","15.8",39.1,"112.4","91.1","102.7","95.4","87.1","428","183","399","81",50.3,"19",11.8,7
"Marsee, Jakob","805300","160","19.4",29.4,"110.9","86.7","97.8","91.5","84.4","398","171","374","56",35,"6",3.8,2.3
"Winn, Masyn","691026","160","11.9",31.3,"108.5","86.9","97.8","90","86.7","384","145","379","51",31.9,"5",3.1,2.1
"Aranda, Jonathan","666018","159","15.8",39,"111.4","90.7","101.2","93.9","85.8","415","193","396","74",46.5,"20",12.6,7.5
"Neto, Zach","687263","159","22.5",36.5,"109.6","89.7","98.8","94.1","82.2","443","189","400","58",36.5,"18",11.3,6.4
"Turang, Brice","668930","157","8.3",38.2,"109.6","91.2","101.3","96.7","85.3","444","169","401","75",47.8,"13",8.3,4.9
"De La Cruz, Elly","682829","157","12.1",36.9,"116.3","94.2","105.2","95.3","92.9","442","173","394","83",52.9,"23",14.6,8.9
"Tovar, Ezequiel","678662","156","15.4",37.8,"109.1","87.9","99.1","93.5","81.1","441","178","420","56",35.9,"13",8.3,5.5
"Trout, Mike","545361","155","20.2",36.1,"114.6","91.6","103.8","95.7","87.3","446","207","408","79",51,"33",21.3,11.5
"Wood, James","695578","155","10.7",43.2,"116.3","96.2","106.8","100.7","89.7","442","206","408","91",58.7,"39",25.2,12.8
"Durbin, Caleb","702332","154","7.9",23.4,"106","85.4","96.5","90.9","84.3","386","115","386","47",30.5,"3",1.9,1.5
"Arenado, Nolan","571448","154","18.7",37.7,"107.5","85.4","97","89.7","82.8","411","171","400","48",31.2,"11",7.1,5
"Rice, Ben","700250","154","13.8",42.9,"110.9","92.4","102.6","95.9","89","427","187","390","79",51.3,"26",16.9,10.6
"Rengifo, Luis","650859","153","3.5",27.5,"107.3","87.3","97.6","90.6","85.4","373","126",,"52",34,"7",4.6,3.7
"Swanson, Dansby","621020","153","16",26.8,"110.3","89.5","99.3","94.7","84.7","430","163","398","63",41.2,"11",7.2,4.6
"Andujar, Miguel","609280","152","7.2",27.6,"109","88.2","99.7","93.4","85.9","412","138","394","56",36.8,"7",4.6,3.6
"Mullins, Cedric","656775","152","29.2",27,"107.9","88.1","97.3","92.9","83.6","403","187","386","45",30,"4",2.6,1.9
"Montgomery, Colson","695657","152","19.7",36.2,"114.4","89.7","102","94.1","86.9","442","191","394","68",44.7,"21",13.8,7.9
"Cruz, Oneil","665833","152","7.6",34.9,"119","96","107.1","99.5","94","450","171","414","90",59.2,"25",16.4,8.8
"Contreras, Willson","575929","152","15.9",34.2,"113.2","90.4","103.3","95.6","87.4","449","170","410","67",44.1,"23",15.1,9.2
"Chisholm Jr., Jazz","665862","151","15.4",29.1,"110.9","89.4","99.5","93.9","84.8","416","164","387","58",38.4,"10",6.6,4.1
"McLain, Matt","680574","151","20",35.1,"110.5","87.9","98.3","90.2","87.3","421","180","395","55",36.4,"11",7.3,4.7
"Rutschman, Adley","668939","151","16.3",39.1,"110.3","90.4","100.7","93.2","87.9","419","189","400","72",47.7,"15",9.9,7.5
"Crawford, J.P.","641487","150","12.6",39.3,"107.8","88.3","98.6","93.3","85.8","417","161","388","55",36.7,"14",9.3,6
"Okamoto, Kazuma","672960","148","16.6",33.1,"112.6","92.4","103.3","97.4","88.1","453","182","405","76",51.4,"22",14.9,8.5
"Martin, Austin","668885","148","11.7",32.4,"106.8","86.4","96.1","89.6","84.6","406","157","392","41",27.7,"4",2.7,1.9
"Smith, Cam","701358","148","10.8",31.8,"114.7","88.7","101.9","94.7","84.6","462","159","417","64",43.2,"19",12.8,7.8
"Vientos, Mark","668901","147","14.9",32,"110.2","90.1","101.3","92.7","90","445","163","412","67",45.6,"15",10.2,7.4
"Soto, Juan","665742","146","15.5",28.8,"114.2","93.1","102.8","96.4","89.9","449","178","402","73",50,"24",16.4,11.9
"García, Adolis","666969","145","15.2",38.6,"112.1","92.4","101.6","94.7","91.8","429","176","398","69",47.6,"13",9,5.3
"Baldwin, Drake","686948","145","12.1",42.1,"110.7","92.8","103.7","98.9","87","438","183","402","78",53.8,"27",18.6,12.5
"Nuñez, Nasim","683083","144","8.8",29.9,"105.8","84.6","94.5","88.8","82.3","355","132",,"29",20.1,"0",0,0
"Sánchez, Jesús","660821","144","11.3",34.7,"112.3","91.6","101.8","94.8","89.8","422","166","399","68",47.2,"16",11.1,8.2
"Happ, Ian","664023","143","16.3",34.3,"111.5","90.6","102.3","95.9","84.6","446","184","402","67",46.9,"23",16.1,8.5
"Judge, Aaron","592450","143","14.6",33.6,"116.2","94.1","105.3","100.3","88.1","456","194","404","82",57.3,"31",21.7,11.9
"Bauers, Jake","641343","143","8.6",30.8,"112.4","92.4","103.7","97.8","88","428","165","395","78",54.5,"19",13.3,8.6
"Acuña Jr., Ronald","660670","143","17.6",32.9,"113.3","90.1","101.8","96","85.2","438","173","411","63",44.1,"19",13.3,8.3
"Wilson, Jacob","805779","143","7.3",32.2,"105.4","84.3","96.2","86.7","83.5","386","135","368","43",30.1,"3",2.1,1.8
"Smith, Will","669257","142","19.9",43,"110.8","90","99.9","93","84.1","418","211","399","56",39.4,"19",13.4,9.5
"Crawford, Justin","702222","141","1.5",25.5,"106.9","88","98.2","91.2","86.9","403","122","382","50",35.5,"2",1.4,1
"Soler, Jorge","624585","141","14",36.2,"112.7","87.9","101.3","92.4","83.8","432","167","403","58",41.1,"16",11.3,6.6
"Kurtz, Nick","701762","141","12.9",39.7,"115.9","94.2","106","99.5","88.9","442","182","408","82",58.2,"26",18.4,9.1
"Goodman, Hunter","696100","140","17.6",34.3,"112.9","91.2","102.8","96.4","84.2","435","193","400","65",46.4,"21",15,8.5
"O'Hearn, Ryan","656811","140","12.3",32.1,"108.1","90.2","99.7","94","86.4","413","166","383","62",44.3,"10",7.1,5
"Clemens, Kody","665019","138","16.3",37,"108.2","92.5","101.5","95.5","89.3","419","184","396","61",44.2,"20",14.5,9.9
"Schwarber, Kyle","656941","138","22.1",38.4,"113.2","93.1","103.9","97.8","86.4","460","210","402","70",50.7,"31",22.5,11.3
"Caballero, José","676609","137","10.8",31.4,"108.5","83.4","96.2","91.5","77.8","397","127","365","37",27,"4",2.9,2.2
"Jackson, Jeremiah","669236","137","7.4",30.7,"110.9","89.6","101.1","93.1","87.4","427","148","396","56",40.9,"11",8,6.2
"Muncy, Max","571970","137","12.9",32.8,"110.1","90.9","102.4","97.1","84.7","452","179","408","67",48.9,"24",17.5,10.9
"McCarthy, Jake","664983","136","15.3",37.5,"107.4","84.7","95.9","89.1","81.9","448","158","418","33",24.3,"8",5.9,4.3
"Torkelson, Spencer","679529","136","19.1",47.1,"109.8","90.6","100.4","94.7","82.5","435","214","396","60",44.1,"19",14,7.7
"Duran, Ezequiel","677649","136","10.8",33.8,"111.5","90.3","100.2","92.9","89.5","415","151","370","55",40.4,"8",5.9,4
"Keith, Colt","690993","136","12.8",35.3,"109.6","88.5","99.7","91.7","86.4","414","160",,"56",41.2,"6",4.4,3.2
"Vierling, Matt","663837","136","17.2",36,"106.9","86.9","98.1","90.7","85.9","400","173","370","46",33.8,"8",5.9,4.4
"Cortes, Carlos","666126","135","8.6",36.3,"110.4","89.9","100.5","93.8","87.6","409","158","393","57",42.2,"12",8.9,6.9
"Griffin, Konnor","804606","135","5.5",31.1,"113.2","87.3","99.9","93.1","83.4","414","142","393","48",35.6,"11",8.1,5.3
"Peraza, Oswald","672724","134","11.5",39.6,"110.3","88.2","100.4","92.7","83.8","418","162","386","50",37.3,"13",9.7,6.6
"Baty, Brett","683146","134","8.8",35.8,"111.7","89.2","100.1","94.9","84.8","451","162","415","50",37.3,"10",7.5,4.7
"Antonacci, Sam","803011","134","11.1",40.3,"108.4","87.7","98","90.5","86.6","407","147",,"48",35.8,"9",6.7,4.8
"Springer, George","543807","134","13.5",29.9,"109","87.7","98.8","92.2","85.3","416","152","387","49",36.6,"11",8.2,5.7
"Sheets, Gavin","657757","133","15.9",37.6,"110.1","89.4","100.1","94.4","86.9","434","172","398","60",45.1,"12",9,5.9
"Altuve, Jose","514888","133","8.5",33.1,"107.3","86.3","98.3","93.7","81.6","390","144","369","49",36.8,"8",6,4.2
"Suzuki, Seiya","673548","133","18",36.1,"112.6","89.3","100.8","93.8","86.9","455","177","410","56",42.1,"12",9,5.6
"Mayer, Marcelo","691785","133","9.4",27.8,"109.1","86.9","98.1","90.9","84.6","385","148","382","49",36.8,"8",6,4.4
"Jensen, Carter","695600","132","22.1",28,"113.7","90.1","101.1","91.4","92.1","425","185","384","53",40.2,"12",9.1,5.5
"Carter, Evan","694497","132","19.2",29.5,"108.2","87.9","99.3","92.2","85.4","404","175","368","51",38.6,"10",7.6,4.7
"Karros, Kyle","691720","132","11.1",43.9,"111.8","89.7","100.2","91.5","88","448","170","408","56",42.4,"9",6.8,4.3
"Benintendi, Andrew","643217","131","18.1",39.7,"106.4","89","99.3","92.9","81.9","410","186","394","62",47.3,"14",10.7,6.9
"Caglianone, Jac","695506","131","8.1",36.6,"116.1","93.9","106.6","98.4","88.8","437","171","410","78",59.5,"20",15.3,9.2
"Peters, Tristan","671976","131","14",31.3,"106.2","86.5","97.3","91.3","84.1","390","137","363","34",26,"5",3.8,2.8
"Fernandez, Jose","699912","129","11.6",27.1,"111.5","87.9","100.3","93.2","87.2","409","131","409","50",38.8,"5",3.9,2.8
"Hernández, Teoscar","606192","128","12.4",34.4,"110.7","89.8","100.6","93.6","86.4","414","160","383","58",45.3,"14",10.9,6.9
"Freeman, Tyler","671289","128","9.9",33.6,"106.4","87.3","97.9","90.2","84.7","404","144","369","43",33.6,"2",1.6,1.2
"Fortes, Nick","663743","128","7.4",22.7,"108.9","86.8","100.1","91.9","86.8","408","121","408","52",40.6,"1",0.8,0.6
"Basallo, Samuel","694212","127","13.2",35.4,"112.4","92.4","104.3","96.7","87.6","437","173","401","61",48,"15",11.8,7.8
"Isbel, Kyle","664728","127","13.2",29.1,"107.8","88.5","98.7","91.3","88.7","406","144","390","43",33.9,"4",3.1,2.2
"Taveras, Leody","665750","127","15.7",32.3,"110","86.4","97.5","89","85.3","419","148","409","34",26.8,"5",3.9,2.6
"Gorman, Nolan","669357","126","22.4",35.7,"111.9","89.1","100.9","93.9","80.5","443","195","404","55",43.7,"12",9.5,5.5
"Castro, Willi","650489","124","16.7",29.8,"112.1","89.3","100.6","92.4","86","436","172","415","57",46,"7",5.6,3.5
"Hamilton, David","666152","124","14.5",24.2,"109.9","86.6","97.2","90.2","83.7","426","149","383","37",30.1,"5",4,2.8
"Kelly, Carson","608348","124","13.2",32.3,"108.4","89.7","99.6","92.5","88.7","422","156","414","51",41.1,"8",6.5,4.7
"Pederson, Joc","592626","123","14.1",34.1,"110.6","91.9","101.9","94.3","89.5","423","177","386","59",48,"11",8.9,5.7
"Larnach, Trevor","663616","122","11.8",36.1,"108.5","86.5","97.2","90.7","84","424","164","395","36",29.5,"7",5.7,3.7
"Ozuna, Marcell","542303","122","22.7",39.3,"111.2","89.6","99.8","93.5","86.3","438","192","408","48",39.3,"10",8.2,5
"Pérez, Wenceel","672761","122","16.1",22.1,"108.1","87.4","98","92.8","84.7","415","161","386","42",34.4,"9",7.4,5.6
"Murakami, Munetaka","808959","121","14.5",28.9,"114.1","94.2","105","100.2","86.7","451","192","409","71",58.7,"25",20.7,10.2
"Collins, Isaac","686555","121","20.1",33.1,"110.9","88.1","99.5","91.3","88.7","400","183","377","47",38.8,"9",7.4,4.3
"Scott II, Victor","687363","121","7.2",28.9,"105.4","86.7","96.1","91.1","83.2","415","130","406","29",24,"1",0.8,0.6
"Mead, Curtis","678554","120","15.1",37.5,"109.6","89.5","100.8","92.7","85.4","414","182","398","55",45.8,"13",10.8,7.4
"Grissom, Vaughn","687093","120","13.9",32.5,"108.6","90.9","100.6","94.5","87.2","408","172","396","56",46.7,"9",7.5,5.8
"Smith, Dominic","642086","119","15.2",38.7,"109.1","89.2","98.6","93.9","81.2","430","192","390","43",36.1,"10",8.4,6.7
"Laureano, Ramón","657656","119","12.1",37,"109.7","88","100","94.6","81.7","447","174","406","49",41.2,"17",14.3,8.3
"Yastrzemski, Mike","573262","119","15.7",31.1,"106.2","90.6","99.2","92.7","89.1","398","174","374","47",39.5,"5",4.2,2.8
"Ramos, Heliot","671218","119","7.9",33.6,"111.5","92","103.6","97","88.1","437","153","399","58",48.7,"16",13.4,9.1
"Friedl, TJ","670770","119","17",26.9,"106.4","88.2","97.6","89.7","88.3","397","144","364","34",28.6,"3",2.5,1.7
"Sanoja, Javier","691594","119","9.9",30.3,"106.2","87.8","97.7","90.7","87.9","378","141","369","39",32.8,"2",1.7,1.4
"Norby, Connor","681393","118","19.3",31.4,"106.9","86.9","97.4","91.7","82.8","418","179","396","42",35.6,"10",8.5,4.9
"Caratini, Victor","605170","118","12.5",41.5,"107.2","88.6","98.4","93","85.4","423","168","398","46",39,"8",6.8,4.5
"Seager, Corey","608369","115","13.1",35.7,"110.3","91","101.8","94.9","87.1","422","175","395","51",44.3,"18",15.7,9.5
"Gelof, Zack","680869","115","15.6",27,"108.1","88.8","99.1","94","85.6","429","152","396","46",40,"9",7.8,5.3
"Church, Nathan","701675","115","12",36.5,"110.1","86.1","98.2","92.1","83.4","407","151","387","38",33,"11",9.6,7.1
"House, Brady","691781","114","5.5",28.9,"113.4","89","101.5","93.1","85.2","425","148","391","49",43,"12",10.5,6.8
"Schneemann, Daniel","682177","113","11.2",38.1,"107.1","87.6","98.3","91","83.2","424","172","396","41",36.6,"7",6.2,3.8
"Massey, Michael","686681","113","18.5",30.1,"107.2","91","99.4","94.5","86.7","412","198","393","50",44.2,"10",8.8,6.9
"Rooker, Brent","667670","112","19.1",33.9,"111.4","89.5","101.5","93.9","85","422","202","389","46",41.1,"17",15.2,8.8
"Realmuto, J.T.","592663","111","10.9",31.5,"109.3","89","99","92.5","85.5","422","165","403","47",42.3,"5",4.5,3.2
"Moniak, Mickey","666160","111","25.3",32.4,"109.1","89.7","100.2","93.3","88.3","439","206","417","46",41.4,"15",13.5,9.1
"Story, Trevor","596115","110","12.9",30,"109.6","88.9","99.3","92.2","87.2","424","146","412","46",41.8,"4",3.6,2.3
"Manzardo, Kyle","700932","109","16.8",36.7,"108.4","88.6","99.1","93.2","83.4","454","181","390","45",41.3,"14",12.8,7.1
"Stephenson, Tyler","663886","109","22.3",39.4,"108.5","90.3","99.7","94.2","85","406","203","383","46",42.2,"12",11,6.7
"Torres, Gleyber","650402","108","7",37,"106.3","84.5","96.3","89.2","79.2","433","152","395","33",30.6,"7",6.5,4.3
"Vázquez, Christian","543877","107","13.8",31.8,"107.4","85.9","95.4","88.4","85.6","385","148","373","25",23.4,"2",1.9,1.4
"Mayo, Coby","691723","107","19.5",27.1,"116.5","91.7","104.1","96.4","88.9","452","180","406","52",48.6,"11",10.3,6.2
"Raley, Luke","670042","107","15.7",39.3,"113.8","90","102.5","96.3","83.9","434","186","384","50",46.7,"20",18.7,11
"Butler, Lawrence","671732","107","5.8",29.9,"112.7","89.7","102.6","94.5","86.8","404","141","378","49",45.8,"6",5.6,3.5
"McMahon, Ryan","641857","106","12.7",29.2,"110.5","90.6","101.8","93.2","89.1","401","166","370","52",49.1,"10",9.4,5.8
"Moreno, Gabriel","672515","106","13.1",39.6,"110.2","89.2","99.8","94","84.7","427","175","410","48",45.3,"11",10.4,7.2
"Ballesteros, Moisés","694208","106","11.8",34.9,"111.4","90.7","101.3","96.8","85.6","427","163","390","50",47.2,"11",10.4,7.2
"Canzone, Dominic","686527","106","13.4",37.7,"114.7","93.5","104","98.1","89.5","451","178","404","53",50,"18",17,11.6
"Raleigh, Cal","663728","106","23.1",32.1,"109.9","87.5","98.8","93","76.9","418","202","390","33",31.1,"13",12.3,7.2
"Stowers, Kyle","669065","105","16.1",32.4,"110.8","90.9","102","95","87.2","395","168","381","53",50.5,"8",7.6,4.6
"Ortiz, Joey","687401","105","8.2",21,"110.8","86.6","97.9","91.6","84.3","395","135","395","35",33.3,"3",2.9,2
"Yoshida, Masataka","807799","105","8.7",27.6,"108.6","88.6","99.6","90.3","89","393","145","393","44",41.9,"2",1.9,1.4
"Julien, Edouard","666397","104","8.5",42.3,"109.1","90.7","99.9","93.7","88.7","403","158","389","51",49,"7",6.7,4
"Bazzana, Travis","683953","103","12.7",32,"108.1","89.3","98.6","91.3","87.2","427","170","396","38",37.6,"4",3.9,2.7
"Bleday, JJ","668709","102","20",44.1,"112.6","90.3","101.8","94.9","88.4","409","199","386","51",50,"13",12.7,8.6
"Walls, Taylor","670764","101","20.5",26.7,"101.9","83.2","93.2","88.2","78.8","364","155",,"16",15.8,"2",2,1.2
"Wells, Austin","669224","101","18.6",31.7,"110.5","89.3","100.3","93.4","85.8","396","176","377","45",44.6,"7",6.9,4.1
"Jeffers, Ryan","680777","101","21",37.6,"113.4","91.2","102.1","95","88.9","432","185","402","44",43.6,"16",15.8,10.8
"Vivas, Jorbit","678391","101","14.2",27.7,"108.5","83.1","94.7","86.5","81.2","380","141","364","24",23.8,"3",3,2.2
"Gilbert, Drew","687551","100","16.3",29,"110.1","84.4","96.6","89.8","83.8","421","140","393","31",31,"3",3,2.2
"Williamson, Ben","810938","100","3.4",32,"109.2","88.8","99.4","91.4","87.2","371","130",,"40",40,"1",1,0.7
"Lowe, Nathaniel","663993","100","12.8",43,"112.7","89.5","101.8","94","84.9","438","181","398","44",44,"14",14,9.2
"Alexander, Blaze","677942","99","9.6",40.4,"112.9","92.3","100.6","93.2","91.7","399","150","393","46",46.5,"5",5.1,3.4
"Goldschmidt, Paul","502671","99","13.7",37.4,"109.8","88.1","100.4","95.2","83.4","419","162","393","43",43.4,"12",12.1,8.4
"Matthews, Brice","694728","98","10.9",30.6,"111.1","88.6","100.5","94.8","84.8","434","151","398","39",39.8,"7",7.1,4.3
"Correa, Carlos","621043","97","7.2",36.1,"113.1","89.2","101.7","94.2","85","411","153","384","40",41.2,"10",10.3,7.1
"O'Hoppe, Logan","681351","96","16.6",27.1,"114.3","86.5","98.8","91.6","84","427","162","406","35",36.5,"11",11.5,7.5
"Quero, Edgar","700337","95","9.1",26.3,"106.5","90.4","98","89.9","91.4","407","145","389","31",32.6,"2",2.1,1.4
"Palacios, Richie","680700","95","12.6",32.6,"106.9","87.4","96.5","91.8","86.6","390","149","382","26",27.4,"3",3.2,2
"Davis, Henry","680779","94","19.3",26.6,"112.3","90.8","101.1","95.4","90.1","415","155","397","35",37.2,"11",11.7,8
"Hoskins, Rhys","656555","93","23.5",33.3,"112.3","88.4","100.3","95","78.5","411","186","379","41",44.1,"12",12.9,6.8
"Mitchell, Garrett","669003","92","4.5",27.2,"115.5","92.7","104.3","97.9","90.4","421","137","415","46",50,"11",12,5.8
"Yelich, Christian","592885","89","2.6",29.2,"111.1","88.4","99.9","89.8","87.7","421","130","402","32",36,"6",6.7,4.1
"Suárez, Eugenio","553993","88","21.1",36.4,"109.6","86.1","97.9","90.2","84.3","431","171","394","22",25,"7",8,4.7
"Thomas, Lane","657041","88","23.1",38.6,"107.6","86","97.6","89.6","86.2","409","178","408","30",34.1,"3",3.4,2.1
"Freeland, Alex","690976","87","10",34.5,"106.8","88.7","98.7","91.6","86.7","413","151","373","31",35.6,"7",8,5.1
"Cowser, Colton","681297","85","7.9",29.4,"113.3","86","98.9","93.4","78.2","440","156","422","26",30.6,"10",11.8,7
"Jansen, Danny","643376","84","22.3",21.4,"107.3","87.7","97.3","92.3","85.6","409","162","398","28",33.3,"5",6,3.5
"Caissie, Owen","683357","84","15",47.6,"112.6","91.1","102.3","95.4","86.6","403","192","395","38",45.2,"10",11.9,5.8